"","Bounce_Rate","Conversion_Rate","Transactions","Revenue"
"Bounce_Rate",1,-0.470608051716771,0.0392520927100136,0.0166910872883095
"Conversion_Rate",-0.470608051716771,1,0.300520639228888,0.351777746997061
"Transactions",0.0392520927100136,0.300520639228888,1,0.981740489226897
"Revenue",0.0166910872883095,0.351777746997061,0.981740489226897,1
